Workbook

Sheet Master SKU Data
A1: SKU | B1: ASIN | C1: Brand | D1: Product Name | E1: Category | F1: Unit_COGS | G1: FBA_Fee | H1: Amazon_Referral_Fee_% | I1: Current_Price | J1: Buy_Box_Price | K1: Lowest_Competitor_Price | L1: Is_Buy_Box_Winner | M1: Competitor_Count | N1: Sales_Rank | O1: Available_Inventory | P1: Inbound_Inventory | Q1: Historical_Velocity_7D | R1: Days_of_Supply | S1: Storage_Type | T1: Ad_Impressions_7D | U1: Ad_Clicks_7D | V1: Ad_Spend_7D | W1: Ad_Orders_7D | X1: Ad_Sales_7D | Y1: CPC | Z1: CTR | AA1: ACOS | AB1: ROAS
A2: SKU-1000 | B2: B0100000 | C2: Aerovo | D2: Aerovo Sleeping Bag | E2: Outdoor | F2: 13.1 | G2: 4.25 | H2: 0.08 | I2: 43.55 | J2: 42.4 | K2: 44.04 | L2: =FALSE() -> FALSE | M2: 12 | N2: 40908 | O2: 724 | P2: 1236 | Q2: 227 | R2: =IF(Q2=0,999,O2/(Q2/7)) -> 22.325991 | S2: Standard | T2: 35171 | U2: 482 | V2: 694.08 | W2: 54 | X2: 2351.7 | Y2: 1.44 | Z2: =IF(T2=0,0,U2/T2) -> 0.013704472 | AA2: =IF(X2=0,0,V2/X2) -> 0.29513969 | AB2: =IF(V2=0,0,X2/V2) -> 3.3882261
A3: SKU-1001 | B3: B0100137 | C3: Aerovo | D3: Aerovo Trekking Poles | E3: Outdoor | F3: 4.44 | G3: 5.83 | H3: 0.12 | I3: 16.29 | J3: 16.29 | K3: 14.47 | L3: =TRUE() -> TRUE | M3: 9 | N3: 173496 | O3: 2434 | P3: 569 | Q3: 240 | R3: =IF(Q3=0,999,O3/(Q3/7)) -> 70.991667 | S3: Standard | T3: 59929 | U3: 695 | V3: 625.5 | W3: 159 | X3: 2590.11 | Y3: 0.9 | Z3: =IF(T3=0,0,U3/T3) -> 0.011597057 | AA3: =IF(X3=0,0,V3/X3) -> 0.24149553 | AB3: =IF(V3=0,0,X3/V3) -> 4.1408633
A4: SKU-1002 | B4: B0100274 | C4: Aerovo | D4: Aerovo Folding Chair | E4: Outdoor | F4: 22.03 | G4: 11.97 | H4: 0.08 | I4: 63.6 | J4: 63.6 | K4: 62.14 | L4: =TRUE() -> TRUE | M4: 9 | N4: 64325 | O4: 279 | P4: 1402 | Q4: 174 | R4: =IF(Q4=0,999,O4/(Q4/7)) -> 11.224138 | S4: Oversize | T4: 43004 | U4: 606 | V4: 915.06 | W4: 74 | X4: 4706.4 | Y4: 1.51 | Z4: =IF(T4=0,0,U4/T4) -> 0.014091712 | AA4: =IF(X4=0,0,V4/X4) -> 0.19442886 | AB4: =IF(V4=0,0,X4/V4) -> 5.1432693
A5: SKU-1003 | B5: B0100411 | C5: Aerovo | D5: Aerovo Camping Tent | E5: Outdoor | F5: 21.74 | G5: 7.03 | H5: 0.12 | I5: 74.39 | J5: 74.39 | K5: 72.98 | L5: =TRUE() -> TRUE | M5: 3 | N5: 168669 | O5: 4160 | P5: 1195 | Q5: 476 | R5: =IF(Q5=0,999,O5/(Q5/7)) -> 61.176471 | S5: Oversize | T5: 52850 | U5: 439 | V5: 812.15 | W5: 66 | X5: 4909.74 | Y5: 1.85 | Z5: =IF(T5=0,0,U5/T5) -> 0.0083065279 | AA5: =IF(X5=0,0,V5/X5) -> 0.16541609 | AB5: =IF(V5=0,0,X5/V5) -> 6.0453611
A6: SKU-1004 | B6: B0100548 | C6: Aerovo | D6: Aerovo Cooler Bag | E6: Outdoor | F6: 3.94 | G6: 3.49 | H6: 0.1 | I6: 17.26 | J6: 17.26 | K6: 17.02 | L6: =TRUE() -> TRUE | M6: 12 | N6: 101014 | O6: 316 | P6: 1393 | Q6: 397 | R6: =IF(Q6=0,999,O6/(Q6/7)) -> 5.5717884 | S6: Standard | T6: 94966 | U6: 513 | V6: 861.84 | W6: 136 | X6: 2347.36 | Y6: 1.68 | Z6: =IF(T6=0,0,U6/T6) -> 0.0054019333 | AA6: =IF(X6=0,0,V6/X6) -> 0.36715289 | AB6: =IF(V6=0,0,X6/V6) -> 2.723661
A7: SKU-1005 | B7: B0100685 | C7: Aerovo | D7: Aerovo Headlamp | E7: Outdoor | F7: 5.64 | G7: 5.04 | H7: 0.12 | I7: 18.91 | J7: 18.91 | K7: 18.96 | L7: =TRUE() -> TRUE | M7: 8 | N7: 28044 | O7: 628 | P7: 1104 | Q7: 312 | R7: =IF(Q7=0,999,O7/(Q7/7)) -> 14.089744 | S7: Standard | T7: 102556 | U7: 1549 | V7: 2679.77 | W7: 446 | X7: 8433.86 | Y7: 1.73 | Z7: =IF(T7=0,0,U7/T7) -> 0.015103943 | AA7: =IF(X7=0,0,V7/X7) -> 0.31773945 | AB7: =IF(V7=0,0,X7/V7) -> 3.1472328
A8: SKU-1006 | B8: B0100822 | C8: Aerovo | D8: Aerovo Utensil Organizer | E8: Kitchen | F8: 4.47 | G8: 6.95 | H8: 0.12 | I8: 11.55 | J8: 9.93 | K8: 9.95 | L8: =FALSE() -> FALSE | M8: 3 | N8: 22603 | O8: 3512 | P8: 1125 | Q8: 504 | R8: =IF(Q8=0,999,O8/(Q8/7)) -> 48.777778 | S8: Standard | T8: 22143 | U8: 159 | V8: 263.94 | W8: 88 | X8: 1016.4 | Y8: 1.66 | Z8: =IF(T8=0,0,U8/T8) -> 0.0071805988 | AA8: =IF(X8=0,0,V8/X8) -> 0.25968123 | AB8: =IF(V8=0,0,X8/V8) -> 3.8508752
A9: SKU-1007 | B9: B0100959 | C9: Aerovo | D9: Aerovo Spice Rack | E9: Kitchen | F9: 30.01 | G9: 6.1 | H9: 0.12 | I9: 84.3 | J9: 82.41 | K9: 88.43 | L9: =FALSE() -> FALSE | M9: 6 | N9: 135829 | O9: 717 | P9: 1205 | Q9: 469 | R9: =IF(Q9=0,999,O9/(Q9/7)) -> 10.701493 | S9: Standard | T9: 29364 | U9: 120 | V9: 169.2 | W9: 14 | X9: 1180.2 | Y9: 1.41 | Z9: =IF(T9=0,0,U9/T9) -> 0.0040866367 | AA9: =IF(X9=0,0,V9/X9) -> 0.14336553 | AB9: =IF(V9=0,0,X9/V9) -> 6.9751773
A10: SKU-1008 | B10: B0101096 | C10: Aerovo | D10: Aerovo Cutting Board | E10: Kitchen | F10: 30.89 | G10: 3.32 | H10: 0.1 | I10: 82.42 | J10: 82.42 | K10: 81.08 | L10: =TRUE() -> TRUE | M10: 4 | N10: 34834 | O10: 461 | P10: 198 | Q10: 591 | R10: =IF(Q10=0,999,O10/(Q10/7)) -> 5.4602369 | S10: Standard | T10: 86874 | U10: 799 | V10: 791.01 | W10: 35 | X10: 2884.7 | Y10: 0.99 | Z10: =IF(T10=0,0,U10/T10) -> 0.0091972282 | AA10: =IF(X10=0,0,V10/X10) -> 0.27420876 | AB10: =IF(V10=0,0,X10/V10) -> 3.6468566
A11: SKU-1009 | B11: B0101233 | C11: Aerovo | D11: Aerovo Knife Set | E11: Kitchen | F11: 25.36 | G11: 3.44 | H11: 0.15 | I11: 63.86 | J11: 56.85 | K11: 58.61 | L11: =FALSE() -> FALSE | M11: 11 | N11: 50012 | O11: 373 | P11: 907 | Q11: 556 | R11: =IF(Q11=0,999,O11/(Q11/7)) -> 4.6960432 | S11: Standard | T11: 106409 | U11: 1522 | V11: 1795.96 | W11: 206 | X11: 13155.16 | Y11: 1.18 | Z11: =IF(T11=0,0,U11/T11) -> 0.014303301 | AA11: =IF(X11=0,0,V11/X11) -> 0.13652133 | AB11: =IF(V11=0,0,X11/V11) -> 7.3248625
A12: SKU-1010 | B12: B0101370 | C12: Nimbus Home | D12: Nimbus Home Earbud Case | E12: Electronics Accessories | F12: 30.32 | G12: 7.17 | H12: 0.1 | I12: 76.87 | J12: 76.87 | K12: 71.59 | L12: =TRUE() -> TRUE | M12: 2 | N12: 105280 | O12: 697 | P12: 584 | Q12: 67 | R12: =IF(Q12=0,999,O12/(Q12/7)) -> 72.820896 | S12: Standard | T12: 55944 | U12: 694 | V12: 1006.3 | W12: 35 | X12: 2690.45 | Y12: 1.45 | Z12: =IF(T12=0,0,U12/T12) -> 0.012405262 | AA12: =IF(X12=0,0,V12/X12) -> 0.37402665 | AB12: =IF(V12=0,0,X12/V12) -> 2.6736063
A13: SKU-1011 | B13: B0101507 | C13: Nimbus Home | D13: Nimbus Home Power Bank | E13: Electronics Accessories | F13: 6.12 | G13: 7.36 | H13: 0.08 | I13: 22.37 | J13: 22.37 | K13: 20.42 | L13: =TRUE() -> TRUE | M13: 11 | N13: 125137 | O13: 1070 | P13: 140 | Q13: 521 | R13: =IF(Q13=0,999,O13/(Q13/7)) -> 14.3762 | S13: Standard | T13: 78492 | U13: 377 | V13: 618.28 | W13: 109 | X13: 2438.33 | Y13: 1.64 | Z13: =IF(T13=0,0,U13/T13) -> 0.0048030373 | AA13: =IF(X13=0,0,V13/X13) -> 0.25356699 | AB13: =IF(V13=0,0,X13/V13) -> 3.943731
A14: SKU-1012 | B14: B0101644 | C14: Nimbus Home | D14: Nimbus Home Monitor Light Bar | E14: Electronics Accessories | F14: 9.71 | G14: 5.79 | H14: 0.15 | I14: 29.69 | J14: 29.69 | K14: 28.7 | L14: =TRUE() -> TRUE | M14: 10 | N14: 68508 | O14: 822 | P14: 936 | Q14: 216 | R14: =IF(Q14=0,999,O14/(Q14/7)) -> 26.638889 | S14: Standard | T14: 41941 | U14: 633 | V14: 1107.75 | W14: 303 | X14: 8996.07 | Y14: 1.75 | Z14: =IF(T14=0,0,U14/T14) -> 0.01509263 | AA14: =IF(X14=0,0,V14/X14) -> 0.1231371 | AB14: =IF(V14=0,0,X14/V14) -> 8.1210291
A15: SKU-1013 | B15: B0101781 | C15: Nimbus Home | D15: Nimbus Home Monitor Light Bar | E15: Electronics Accessories | F15: 35.88 | G15: 3.33 | H15: 0.1 | I15: 89.87 | J15: 80.77 | K15: 81.16 | L15: =FALSE() -> FALSE | M15: 8 | N15: 64187 | O15: 204 | P15: 1367 | Q15: 385 | R15: =IF(Q15=0,999,O15/(Q15/7)) -> 3.7090909 | S15: Standard | T15: 107599 | U15: 1151 | V15: 2014.25 | W15: 145 | X15: 13031.15 | Y15: 1.75 | Z15: =IF(T15=0,0,U15/T15) -> 0.010697125 | AA15: =IF(X15=0,0,V15/X15) -> 0.15457193 | AB15: =IF(V15=0,0,X15/V15) -> 6.46948
A16: SKU-1014 | B16: B0101918 | C16: Nimbus Home | D16: Nimbus Home Wireless Charger Pad | E16: Electronics Accessories | F16: 11.84 | G16: 6.34 | H16: 0.1 | I16: 31.15 | J16: 31.15 | K16: 28.23 | L16: =TRUE() -> TRUE | M16: 4 | N16: 90034 | O16: 188 | P16: 189 | Q16: 215 | R16: =IF(Q16=0,999,O16/(Q16/7)) -> 6.1209302 | S16: Standard | T16: 83636 | U16: 761 | V16: 585.97 | W16: 155 | X16: 4828.25 | Y16: 0.77 | Z16: =IF(T16=0,0,U16/T16) -> 0.0090989526 | AA16: =IF(X16=0,0,V16/X16) -> 0.12136281 | AB16: =IF(V16=0,0,X16/V16) -> 8.2397563
A17: SKU-1015 | B17: B0102055 | C17: Nimbus Home | D17: Nimbus Home Wireless Charger Pad | E17: Electronics Accessories | F17: 16.29 | G17: 6.34 | H17: 0.15 | I17: 60.96 | J17: 60.96 | K17: 51.93 | L17: =TRUE() -> TRUE | M17: 8 | N17: 39223 | O17: 179 | P17: 631 | Q17: 565 | R17: =IF(Q17=0,999,O17/(Q17/7)) -> 2.2176991 | S17: Standard | T17: 48295 | U17: 715 | V17: 1101.1 | W17: 45 | X17: 2743.2 | Y17: 1.54 | Z17: =IF(T17=0,0,U17/T17) -> 0.014804845 | AA17: =IF(X17=0,0,V17/X17) -> 0.40139253 | AB17: =IF(V17=0,0,X17/V17) -> 2.4913269
A18: SKU-1016 | B18: B0102192 | C18: Nimbus Home | D18: Nimbus Home Ab Roller Wheel | E18: Fitness | F18: 7.1 | G18: 3.46 | H18: 0.15 | I18: 26.8 | J18: 25.98 | K18: 26.8 | L18: =FALSE() -> FALSE | M18: 9 | N18: 42748 | O18: 1476 | P18: 1371 | Q18: 188 | R18: =IF(Q18=0,999,O18/(Q18/7)) -> 54.957447 | S18: Standard | T18: 113754 | U18: 1456 | V18: 1048.32 | W18: 227 | X18: 6083.6 | Y18: 0.72 | Z18: =IF(T18=0,0,U18/T18) -> 0.01279955 | AA18: =IF(X18=0,0,V18/X18) -> 0.17231902 | AB18: =IF(V18=0,0,X18/V18) -> 5.8031899
A19: SKU-1017 | B19: B0102329 | C19: Nimbus Home | D19: Nimbus Home Resistance Bands Set | E19: Fitness | F19: 9.21 | G19: 5.12 | H19: 0.1 | I19: 40.59 | J19: 37.15 | K19: 37.34 | L19: =FALSE() -> FALSE | M19: 7 | N19: 58588 | O19: 119 | P19: 719 | Q19: 31 | R19: =IF(Q19=0,999,O19/(Q19/7)) -> 26.870968 | S19: Standard | T19: 84580 | U19: 854 | V19: 1169.98 | W19: 72 | X19: 2922.48 | Y19: 1.37 | Z19: =IF(T19=0,0,U19/T19) -> 0.01009695 | AA19: =IF(X19=0,0,V19/X19) -> 0.40033807 | AB19: =IF(V19=0,0,X19/V19) -> 2.4978889
A20: SKU-1018 | B20: B0102466 | C20: Nimbus Home | D20: Nimbus Home Ab Roller Wheel | E20: Fitness | F20: 20.5 | G20: 7.37 | H20: 0.1 | I20: 85.13 | J20: 85.13 | K20: 88.75 | L20: =TRUE() -> TRUE | M20: 9 | N20: 28567 | O20: 262 | P20: 788 | Q20: 451 | R20: =IF(Q20=0,999,O20/(Q20/7)) -> 4.0665188 | S20: Standard | T20: 118399 | U20: 1291 | V20: 942.43 | W20: 31 | X20: 2639.03 | Y20: 0.73 | Z20: =IF(T20=0,0,U20/T20) -> 0.010903808 | AA20: =IF(X20=0,0,V20/X20) -> 0.35711227 | AB20: =IF(V20=0,0,X20/V20) -> 2.8002398
A21: SKU-1019 | B21: B0102603 | C21: Nimbus Home | D21: Nimbus Home Yoga Mat | E21: Fitness | F21: 18.84 | G21: 6.09 | H21: 0.1 | I21: 51.58 | J21: 48.14 | K21: 48.29 | L21: =FALSE() -> FALSE | M21: 5 | N21: 163506 | O21: 2821 | P21: 668 | Q21: 328 | R21: =IF(Q21=0,999,O21/(Q21/7)) -> 60.204268 | S21: Standard | T21: 53243 | U21: 660 | V21: 778.8 | W21: 82 | X21: 4229.56 | Y21: 1.18 | Z21: =IF(T21=0,0,U21/T21) -> 0.012395996 | AA21: =IF(X21=0,0,V21/X21) -> 0.18413263 | AB21: =IF(V21=0,0,X21/V21) -> 5.430868
A22: SKU-1020 | B22: B0102740 | C22: TrailForge | D22: TrailForge Exercise Ball | E22: Fitness | F22: 24.55 | G22: 11.42 | H22: 0.12 | I22: 64.18 | J22: 64.18 | K22: 61.59 | L22: =TRUE() -> TRUE | M22: 6 | N22: 75362 | O22: 1870 | P22: 1383 | Q22: 222 | R22: =IF(Q22=0,999,O22/(Q22/7)) -> 58.963964 | S22: Oversize | T22: 28510 | U22: 288 | V22: 443.52 | W22: 16 | X22: 1026.88 | Y22: 1.54 | Z22: =IF(T22=0,0,U22/T22) -> 0.010101719 | AA22: =IF(X22=0,0,V22/X22) -> 0.43191025 | AB22: =IF(V22=0,0,X22/V22) -> 2.3152958
A23: SKU-1021 | B23: B0102877 | C23: TrailForge | D23: TrailForge Adjustable Dumbbells | E23: Fitness | F23: 17 | G23: 11.81 | H23: 0.12 | I23: 62.7 | J23: 61.88 | K23: 63.56 | L23: =FALSE() -> FALSE | M23: 1 | N23: 59038 | O23: 87 | P23: 932 | Q23: 210 | R23: =IF(Q23=0,999,O23/(Q23/7)) -> 2.9 | S23: Oversize | T23: 54821 | U23: 800 | V23: 968 | W23: 43 | X23: 2696.1 | Y23: 1.21 | Z23: =IF(T23=0,0,U23/T23) -> 0.014592948 | AA23: =IF(X23=0,0,V23/X23) -> 0.35903713 | AB23: =IF(V23=0,0,X23/V23) -> 2.7852273
A24: SKU-1022 | B24: B0103014 | C24: TrailForge | D24: TrailForge Exercise Ball | E24: Fitness | F24: 13.07 | G24: 11.75 | H24: 0.08 | I24: 49.54 | J24: 49.1 | K24: 50.63 | L24: =FALSE() -> FALSE | M24: 12 | N24: 57517 | O24: 182 | P24: 934 | Q24: 187 | R24: =IF(Q24=0,999,O24/(Q24/7)) -> 6.8128342 | S24: Oversize | T24: 17977 | U24: 244 | V24: 329.4 | W24: 15 | X24: 743.1 | Y24: 1.35 | Z24: =IF(T24=0,0,U24/T24) -> 0.013572899 | AA24: =IF(X24=0,0,V24/X24) -> 0.44327816 | AB24: =IF(V24=0,0,X24/V24) -> 2.2559199
A25: SKU-1023 | B25: B0103151 | C25: TrailForge | D25: TrailForge Massage Gun | E25: Fitness | F25: 12.59 | G25: 4.99 | H25: 0.15 | I25: 35.37 | J25: 35.37 | K25: 33.22 | L25: =TRUE() -> TRUE | M25: 8 | N25: 124583 | O25: 4535 | P25: 1283 | Q25: 467 | R25: =IF(Q25=0,999,O25/(Q25/7)) -> 67.976445 | S25: Standard | T25: 31858 | U25: 233 | V25: 109.51 | W25: 14 | X25: 495.18 | Y25: 0.47 | Z25: =IF(T25=0,0,U25/T25) -> 0.0073137046 | AA25: =IF(X25=0,0,V25/X25) -> 0.2211519 | AB25: =IF(V25=0,0,X25/V25) -> 4.5217788
A26: SKU-1024 | B26: B0103288 | C26: TrailForge | D26: TrailForge Jump Rope | E26: Fitness | F26: 14.03 | G26: 3.36 | H26: 0.1 | I26: 36.86 | J26: 36.86 | K26: 34.15 | L26: =TRUE() -> TRUE | M26: 3 | N26: 56236 | O26: 482 | P26: 797 | Q26: 72 | R26: =IF(Q26=0,999,O26/(Q26/7)) -> 46.861111 | S26: Standard | T26: 119098 | U26: 1572 | V26: 2782.44 | W26: 597 | X26: 22005.42 | Y26: 1.77 | Z26: =IF(T26=0,0,U26/T26) -> 0.013199214 | AA26: =IF(X26=0,0,V26/X26) -> 0.12644339 | AB26: =IF(V26=0,0,X26/V26) -> 7.9086773
A27: SKU-1025 | B27: B0103425 | C27: TrailForge | D27: TrailForge Massage Gun | E27: Fitness | F27: 8.94 | G27: 4.58 | H27: 0.15 | I27: 40.42 | J27: 38.4 | K27: 38.71 | L27: =FALSE() -> FALSE | M27: 6 | N27: 57962 | O27: 3982 | P27: 1483 | Q27: 506 | R27: =IF(Q27=0,999,O27/(Q27/7)) -> 55.086957 | S27: Standard | T27: 22132 | U27: 312 | V27: 539.76 | W27: 30 | X27: 1212.6 | Y27: 1.73 | Z27: =IF(T27=0,0,U27/T27) -> 0.014097235 | AA27: =IF(X27=0,0,V27/X27) -> 0.44512618 | AB27: =IF(V27=0,0,X27/V27) -> 2.246554
A28: SKU-1026 | B28: B0103562 | C28: TrailForge | D28: TrailForge Floating Shelf | E28: Home Decor | F28: 3.53 | G28: 5.54 | H28: 0.08 | I28: 12.15 | J28: 12.15 | K28: 11.89 | L28: =TRUE() -> TRUE | M28: 1 | N28: 121181 | O28: 1511 | P28: 569 | Q28: 193 | R28: =IF(Q28=0,999,O28/(Q28/7)) -> 54.803109 | S28: Standard | T28: 99067 | U28: 1526 | V28: 1495.48 | W28: 311 | X28: 3778.65 | Y28: 0.98 | Z28: =IF(T28=0,0,U28/T28) -> 0.015403717 | AA28: =IF(X28=0,0,V28/X28) -> 0.39577098 | AB28: =IF(V28=0,0,X28/V28) -> 2.5267138
A29: SKU-1027 | B29: B0103699 | C29: TrailForge | D29: TrailForge Decorative Vase | E29: Home Decor | F29: 3.66 | G29: 7.5 | H29: 0.12 | I29: 11.54 | J29: 11.15 | K29: 11.31 | L29: =FALSE() -> FALSE | M29: 3 | N29: 8284 | O29: 119 | P29: 1155 | Q29: 260 | R29: =IF(Q29=0,999,O29/(Q29/7)) -> 3.2038462 | S29: Standard | T29: 29069 | U29: 279 | V29: 203.67 | W29: 73 | X29: 842.42 | Y29: 0.73 | Z29: =IF(T29=0,0,U29/T29) -> 0.0095978534 | AA29: =IF(X29=0,0,V29/X29) -> 0.24176776 | AB29: =IF(V29=0,0,X29/V29) -> 4.1362007
A30: SKU-1028 | B30: B0103836 | C30: TrailForge | D30: TrailForge Table Runner | E30: Home Decor | F30: 20.77 | G30: 3.52 | H30: 0.1 | I30: 58.57 | J30: 58.57 | K30: 51.05 | L30: =TRUE() -> TRUE | M30: 4 | N30: 81927 | O30: 516 | P30: 1212 | Q30: 596 | R30: =IF(Q30=0,999,O30/(Q30/7)) -> 6.0604027 | S30: Standard | T30: 91020 | U30: 1274 | V30: 904.54 | W30: 44 | X30: 2577.08 | Y30: 0.71 | Z30: =IF(T30=0,0,U30/T30) -> 0.013996924 | AA30: =IF(X30=0,0,V30/X30) -> 0.35099415 | AB30: =IF(V30=0,0,X30/V30) -> 2.8490503
A31: SKU-1029 | B31: B0103973 | C31: TrailForge | D31: TrailForge Scented Candle Trio | E31: Home Decor | F31: 25.59 | G31: 3.54 | H31: 0.08 | I31: 78.01 | J31: 71.84 | K31: 74.62 | L31: =FALSE() -> FALSE | M31: 5 | N31: 169899 | O31: 1640 | P31: 1301 | Q31: 356 | R31: =IF(Q31=0,999,O31/(Q31/7)) -> 32.247191 | S31: Standard | T31: 117360 | U31: 1631 | V31: 2299.71 | W31: 112 | X31: 8737.12 | Y31: 1.41 | Z31: =IF(T31=0,0,U31/T31) -> 0.01389741 | AA31: =IF(X31=0,0,V31/X31) -> 0.26321145 | AB31: =IF(V31=0,0,X31/V31) -> 3.7992269
A32: SKU-1030 | B32: B0104110 | C32: PureCove | D32: PureCove Sleeping Bag | E32: Outdoor | F32: 23.43 | G32: 6.64 | H32: 0.15 | I32: 87.23 | J32: 79.35 | K32: 81.74 | L32: =FALSE() -> FALSE | M32: 7 | N32: 64505 | O32: 843 | P32: 688 | Q32: 95 | R32: =IF(Q32=0,999,O32/(Q32/7)) -> 62.115789 | S32: Standard | T32: 4261 | U32: 42 | V32: 35.28 | W32: 1 | X32: 87.23 | Y32: 0.84 | Z32: =IF(T32=0,0,U32/T32) -> 0.0098568411 | AA32: =IF(X32=0,0,V32/X32) -> 0.40444801 | AB32: =IF(V32=0,0,X32/V32) -> 2.4725057
A33: SKU-1031 | B33: B0104247 | C33: PureCove | D33: PureCove Headlamp | E33: Outdoor | F33: 20.76 | G33: 6.96 | H33: 0.12 | I33: 73.82 | J33: 60.6 | K33: 62.9 | L33: =FALSE() -> FALSE | M33: 8 | N33: 106692 | O33: 4806 | P33: 35 | Q33: 507 | R33: =IF(Q33=0,999,O33/(Q33/7)) -> 66.35503 | S33: Standard | T33: 12696 | U33: 95 | V33: 91.2 | W33: 6 | X33: 442.92 | Y33: 0.96 | Z33: =IF(T33=0,0,U33/T33) -> 0.0074826717 | AA33: =IF(X33=0,0,V33/X33) -> 0.20590626 | AB33: =IF(V33=0,0,X33/V33) -> 4.8565789
A34: SKU-1032 | B34: B0104384 | C34: PureCove | D34: PureCove Portable Stove | E34: Outdoor | F34: 12.63 | G34: 4.55 | H34: 0.12 | I34: 39.51 | J34: 39.51 | K34: 39.14 | L34: =TRUE() -> TRUE | M34: 5 | N34: 66053 | O34: 358 | P34: 392 | Q34: 243 | R34: =IF(Q34=0,999,O34/(Q34/7)) -> 10.312757 | S34: Standard | T34: 28861 | U34: 372 | V34: 282.72 | W34: 23 | X34: 908.73 | Y34: 0.76 | Z34: =IF(T34=0,0,U34/T34) -> 0.012889366 | AA34: =IF(X34=0,0,V34/X34) -> 0.31111551 | AB34: =IF(V34=0,0,X34/V34) -> 3.2142402
A35: SKU-1033 | B35: B0104521 | C35: PureCove | D35: PureCove Sleeping Bag | E35: Outdoor | F35: 22.89 | G35: 6.75 | H35: 0.12 | I35: 57.73 | J35: 57.73 | K35: 53.24 | L35: =TRUE() -> TRUE | M35: 3 | N35: 140170 | O35: 383 | P35: 1306 | Q35: 136 | R35: =IF(Q35=0,999,O35/(Q35/7)) -> 19.713235 | S35: Standard | T35: 114330 | U35: 1486 | V35: 743 | W35: 104 | X35: 6003.92 | Y35: 0.5 | Z35: =IF(T35=0,0,U35/T35) -> 0.012997463 | AA35: =IF(X35=0,0,V35/X35) -> 0.12375248 | AB35: =IF(V35=0,0,X35/V35) -> 8.080646
A36: SKU-1034 | B36: B0104658 | C36: PureCove | D36: PureCove Hammock | E36: Outdoor | F36: 14.23 | G36: 7.97 | H36: 0.08 | I36: 47.54 | J36: 47.54 | K36: 49.36 | L36: =TRUE() -> TRUE | M36: 4 | N36: 17279 | O36: 2214 | P36: 174 | Q36: 417 | R36: =IF(Q36=0,999,O36/(Q36/7)) -> 37.165468 | S36: Oversize | T36: 33030 | U36: 178 | V36: 267 | W36: 18 | X36: 855.72 | Y36: 1.5 | Z36: =IF(T36=0,0,U36/T36) -> 0.0053890403 | AA36: =IF(X36=0,0,V36/X36) -> 0.31201795 | AB36: =IF(V36=0,0,X36/V36) -> 3.2049438
A37: SKU-1035 | B37: B0104795 | C37: PureCove | D37: PureCove Portable Stove | E37: Outdoor | F37: 8.81 | G37: 5.03 | H37: 0.15 | I37: 28.04 | J37: 27.26 | K37: 28.66 | L37: =FALSE() -> FALSE | M37: 4 | N37: 162948 | O37: 164 | P37: 541 | Q37: 68 | R37: =IF(Q37=0,999,O37/(Q37/7)) -> 16.882353 | S37: Standard | T37: 87063 | U37: 435 | V37: 308.85 | W37: 36 | X37: 1009.44 | Y37: 0.71 | Z37: =IF(T37=0,0,U37/T37) -> 0.0049963819 | AA37: =IF(X37=0,0,V37/X37) -> 0.30596172 | AB37: =IF(V37=0,0,X37/V37) -> 3.2683827
A38: SKU-1036 | B38: B0104932 | C38: PureCove | D38: PureCove Travel Pillow | E38: Travel | F38: 3.07 | G38: 5.67 | H38: 0.12 | I38: 10.2 | J38: 10.2 | K38: 10.2 | L38: =TRUE() -> TRUE | M38: 0 | N38: 74262 | O38: 727 | P38: 870 | Q38: 471 | R38: =IF(Q38=0,999,O38/(Q38/7)) -> 10.804671 | S38: Standard | T38: 15543 | U38: 163 | V38: 215.16 | W38: 50 | X38: 510 | Y38: 1.32 | Z38: =IF(T38=0,0,U38/T38) -> 0.010487036 | AA38: =IF(X38=0,0,V38/X38) -> 0.42188235 | AB38: =IF(V38=0,0,X38/V38) -> 2.3703291
A39: SKU-1037 | B39: B0105069 | C39: PureCove | D39: PureCove Travel Pillow | E39: Travel | F39: 3.92 | G39: 4.38 | H39: 0.12 | I39: 15.7 | J39: 13.57 | K39: 13.74 | L39: =FALSE() -> FALSE | M39: 7 | N39: 71517 | O39: 2591 | P39: 1236 | Q39: 519 | R39: =IF(Q39=0,999,O39/(Q39/7)) -> 34.94605 | S39: Standard | T39: 33316 | U39: 143 | V39: 98.67 | W39: 18 | X39: 282.6 | Y39: 0.69 | Z39: =IF(T39=0,0,U39/T39) -> 0.004292232 | AA39: =IF(X39=0,0,V39/X39) -> 0.34915074 | AB39: =IF(V39=0,0,X39/V39) -> 2.8640924
A40: SKU-1038 | B40: B0105206 | C40: PureCove | D40: PureCove Luggage Scale | E40: Travel | F40: 12.74 | G40: 6.44 | H40: 0.12 | I40: 56.96 | J40: 47.83 | K40: 48.87 | L40: =FALSE() -> FALSE | M40: 9 | N40: 170939 | O40: 4199 | P40: 186 | Q40: 459 | R40: =IF(Q40=0,999,O40/(Q40/7)) -> 64.037037 | S40: Standard | T40: 62105 | U40: 509 | V40: 432.65 | W40: 22 | X40: 1253.12 | Y40: 0.85 | Z40: =IF(T40=0,0,U40/T40) -> 0.0081957974 | AA40: =IF(X40=0,0,V40/X40) -> 0.34525824 | AB40: =IF(V40=0,0,X40/V40) -> 2.8963828
A41: SKU-1039 | B41: B0105343 | C41: PureCove | D41: PureCove Travel Pillow | E41: Travel | F41: 12.54 | G41: 4.3 | H41: 0.15 | I41: 36.37 | J41: 36.37 | K41: 34.92 | L41: =TRUE() -> TRUE | M41: 12 | N41: 82598 | O41: 149 | P41: 1346 | Q41: 265 | R41: =IF(Q41=0,999,O41/(Q41/7)) -> 3.9358491 | S41: Standard | T41: 114449 | U41: 1202 | V41: 1165.94 | W41: 176 | X41: 6401.12 | Y41: 0.97 | Z41: =IF(T41=0,0,U41/T41) -> 0.010502495 | AA41: =IF(X41=0,0,V41/X41) -> 0.18214625 | AB41: =IF(V41=0,0,X41/V41) -> 5.4900938
A42: SKU-1040 | B42: B0105480 | C42: Brightway | D42: Brightway Headlamp | E42: Outdoor | F42: 18.52 | G42: 4.99 | H42: 0.08 | I42: 59.8 | J42: 59.8 | K42: 54.02 | L42: =TRUE() -> TRUE | M42: 3 | N42: 75655 | O42: 898 | P42: 1453 | Q42: 455 | R42: =IF(Q42=0,999,O42/(Q42/7)) -> 13.815385 | S42: Standard | T42: 21258 | U42: 164 | V42: 60.68 | W42: 4 | X42: 239.2 | Y42: 0.37 | Z42: =IF(T42=0,0,U42/T42) -> 0.0077147427 | AA42: =IF(X42=0,0,V42/X42) -> 0.25367893 | AB42: =IF(V42=0,0,X42/V42) -> 3.9419908
A43: SKU-1041 | B43: B0105617 | C43: Brightway | D43: Brightway Folding Chair | E43: Outdoor | F43: 34.35 | G43: 10.19 | H43: 0.08 | I43: 89.37 | J43: 89.37 | K43: 90.84 | L43: =TRUE() -> TRUE | M43: 10 | N43: 76659 | O43: 4463 | P43: 1128 | Q43: 528 | R43: =IF(Q43=0,999,O43/(Q43/7)) -> 59.168561 | S43: Oversize | T43: 19458 | U43: 167 | V43: 288.91 | W43: 11 | X43: 983.07 | Y43: 1.73 | Z43: =IF(T43=0,0,U43/T43) -> 0.0085825881 | AA43: =IF(X43=0,0,V43/X43) -> 0.29388548 | AB43: =IF(V43=0,0,X43/V43) -> 3.402686
A44: SKU-1042 | B44: B0105754 | C44: Brightway | D44: Brightway Insulated Water Bottle | E44: Outdoor | F44: 21.34 | G44: 6.56 | H44: 0.15 | I44: 79.11 | J44: 79.11 | K44: 82.03 | L44: =TRUE() -> TRUE | M44: 5 | N44: 822 | O44: 763 | P44: 914 | Q44: 296 | R44: =IF(Q44=0,999,O44/(Q44/7)) -> 18.043919 | S44: Standard | T44: 71092 | U44: 697 | V44: 592.45 | W44: 20 | X44: 1582.2 | Y44: 0.85 | Z44: =IF(T44=0,0,U44/T44) -> 0.0098041974 | AA44: =IF(X44=0,0,V44/X44) -> 0.37444697 | AB44: =IF(V44=0,0,X44/V44) -> 2.6706051
A45: SKU-1043 | B45: B0105891 | C45: Brightway | D45: Brightway Trekking Poles | E45: Outdoor | F45: 12.9 | G45: 3.85 | H45: 0.1 | I45: 46.42 | J45: 42 | K45: 43.01 | L45: =FALSE() -> FALSE | M45: 9 | N45: 83558 | O45: 1244 | P45: 1014 | Q45: 491 | R45: =IF(Q45=0,999,O45/(Q45/7)) -> 17.735234 | S45: Standard | T45: 5352 | U45: 29 | V45: 52.2 | W45: 5 | X45: 232.1 | Y45: 1.8 | Z45: =IF(T45=0,0,U45/T45) -> 0.0054185351 | AA45: =IF(X45=0,0,V45/X45) -> 0.22490306 | AB45: =IF(V45=0,0,X45/V45) -> 4.4463602
A46: SKU-1044 | B46: B0106028 | C46: Brightway | D46: Brightway Hiking Backpack | E46: Outdoor | F46: 23.92 | G46: 10.71 | H46: 0.15 | I46: 79.93 | J46: 79.93 | K46: 79.93 | L46: =TRUE() -> TRUE | M46: 0 | N46: 107623 | O46: 1501 | P46: 1330 | Q46: 165 | R46: =IF(Q46=0,999,O46/(Q46/7)) -> 63.678788 | S46: Oversize | T46: 11027 | U46: 157 | V46: 255.91 | W46: 8 | X46: 639.44 | Y46: 1.63 | Z46: =IF(T46=0,0,U46/T46) -> 0.01423778 | AA46: =IF(X46=0,0,V46/X46) -> 0.40020956 | AB46: =IF(V46=0,0,X46/V46) -> 2.4986909
A47: SKU-1045 | B47: B0106165 | C47: Brightway | D47: Brightway Trekking Poles | E47: Outdoor | F47: 28.73 | G47: 6.99 | H47: 0.15 | I47: 86.32 | J47: 86.32 | K47: 73.99 | L47: =TRUE() -> TRUE | M47: 8 | N47: 165605 | O47: 343 | P47: 908 | Q47: 301 | R47: =IF(Q47=0,999,O47/(Q47/7)) -> 7.9767442 | S47: Standard | T47: 22305 | U47: 274 | V47: 468.54 | W47: 40 | X47: 3452.8 | Y47: 1.71 | Z47: =IF(T47=0,0,U47/T47) -> 0.012284241 | AA47: =IF(X47=0,0,V47/X47) -> 0.13569856 | AB47: =IF(V47=0,0,X47/V47) -> 7.3692748
A48: SKU-1046 | B48: B0106302 | C48: Brightway | D48: Brightway Dog Leash | E48: Pet Supplies | F48: 9.62 | G48: 3.66 | H48: 0.15 | I48: 33.46 | J48: 33.46 | K48: 33 | L48: =TRUE() -> TRUE | M48: 9 | N48: 46043 | O48: 156 | P48: 475 | Q48: 87 | R48: =IF(Q48=0,999,O48/(Q48/7)) -> 12.551724 | S48: Standard | T48: 60943 | U48: 713 | V48: 741.52 | W48: 65 | X48: 2174.9 | Y48: 1.04 | Z48: =IF(T48=0,0,U48/T48) -> 0.011699457 | AA48: =IF(X48=0,0,V48/X48) -> 0.34094441 | AB48: =IF(V48=0,0,X48/V48) -> 2.9330295
A49: SKU-1047 | B49: B0106439 | C49: Brightway | D49: Brightway Dog Chew Toy Set | E49: Pet Supplies | F49: 28.07 | G49: 3.71 | H49: 0.15 | I49: 82.09 | J49: 82.09 | K49: 85.99 | L49: =TRUE() -> TRUE | M49: 5 | N49: 111380 | O49: 178 | P49: 485 | Q49: 263 | R49: =IF(Q49=0,999,O49/(Q49/7)) -> 4.7376426 | S49: Standard | T49: 50486 | U49: 550 | V49: 665.5 | W49: 18 | X49: 1477.62 | Y49: 1.21 | Z49: =IF(T49=0,0,U49/T49) -> 0.010894109 | AA49: =IF(X49=0,0,V49/X49) -> 0.45038643 | AB49: =IF(V49=0,0,X49/V49) -> 2.2203156
A50: SKU-1048 | B50: B0106576 | C50: Brightway | D50: Brightway Pet Carrier | E50: Pet Supplies | F50: 4.34 | G50: 4.78 | H50: 0.08 | I50: 11.75 | J50: 11.74 | K50: 12.02 | L50: =FALSE() -> FALSE | M50: 9 | N50: 159115 | O50: 2898 | P50: 448 | Q50: 515 | R50: =IF(Q50=0,999,O50/(Q50/7)) -> 39.390291 | S50: Standard | T50: 83942 | U50: 529 | V50: 386.17 | W50: 89 | X50: 1045.75 | Y50: 0.73 | Z50: =IF(T50=0,0,U50/T50) -> 0.0063019704 | AA50: =IF(X50=0,0,V50/X50) -> 0.36927564 | AB50: =IF(V50=0,0,X50/V50) -> 2.7080042
A51: SKU-1049 | B51: B0106713 | C51: Brightway | D51: Brightway Pet Feeding Mat | E51: Pet Supplies | F51: 23.05 | G51: 5.91 | H51: 0.12 | I51: 60.25 | J51: 60.25 | K51: 56.52 | L51: =TRUE() -> TRUE | M51: 12 | N51: 34598 | O51: 430 | P51: 1087 | Q51: 99 | R51: =IF(Q51=0,999,O51/(Q51/7)) -> 30.40404 | S51: Standard | T51: 66271 | U51: 994 | V51: 1590.4 | W51: 129 | X51: 7772.25 | Y51: 1.6 | Z51: =IF(T51=0,0,U51/T51) -> 0.014999019 | AA51: =IF(X51=0,0,V51/X51) -> 0.20462543 | AB51: =IF(V51=0,0,X51/V51) -> 4.8869781
A52: SKU-1050 | B52: B0106850 | C52: UrbanCraft | D52: UrbanCraft Utensil Organizer | E52: Kitchen | F52: 23.87 | G52: 6.92 | H52: 0.08 | I52: 87.38 | J52: 87.38 | K52: 91.1 | L52: =TRUE() -> TRUE | M52: 7 | N52: 59293 | O52: 460 | P52: 541 | Q52: 413 | R52: =IF(Q52=0,999,O52/(Q52/7)) -> 7.7966102 | S52: Standard | T52: 70829 | U52: 390 | V52: 351 | W52: 11 | X52: 961.18 | Y52: 0.9 | Z52: =IF(T52=0,0,U52/T52) -> 0.0055062192 | AA52: =IF(X52=0,0,V52/X52) -> 0.36517614 | AB52: =IF(V52=0,0,X52/V52) -> 2.7384046
A53: SKU-1051 | B53: B0106987 | C53: UrbanCraft | D53: UrbanCraft Coffee Grinder | E53: Kitchen | F53: 20.89 | G53: 7.23 | H53: 0.08 | I53: 56.75 | J53: 56.75 | K53: 50.89 | L53: =TRUE() -> TRUE | M53: 10 | N53: 147319 | O53: 1054 | P53: 1329 | Q53: 342 | R53: =IF(Q53=0,999,O53/(Q53/7)) -> 21.573099 | S53: Standard | T53: 54016 | U53: 292 | V53: 122.64 | W53: 16 | X53: 908 | Y53: 0.42 | Z53: =IF(T53=0,0,U53/T53) -> 0.0054058057 | AA53: =IF(X53=0,0,V53/X53) -> 0.13506608 | AB53: =IF(V53=0,0,X53/V53) -> 7.4037834
A54: SKU-1052 | B54: B0107124 | C54: UrbanCraft | D54: UrbanCraft Utensil Organizer | E54: Kitchen | F54: 5.06 | G54: 5.42 | H54: 0.15 | I54: 19.28 | J54: 17.6 | K54: 17.82 | L54: =FALSE() -> FALSE | M54: 7 | N54: 141758 | O54: 4027 | P54: 1260 | Q54: 436 | R54: =IF(Q54=0,999,O54/(Q54/7)) -> 64.65367 | S54: Standard | T54: 53992 | U54: 826 | V54: 636.02 | W54: 95 | X54: 1831.6 | Y54: 0.77 | Z54: =IF(T54=0,0,U54/T54) -> 0.015298563 | AA54: =IF(X54=0,0,V54/X54) -> 0.34724831 | AB54: =IF(V54=0,0,X54/V54) -> 2.8797837
A55: SKU-1053 | B55: B0107261 | C55: UrbanCraft | D55: UrbanCraft Spice Rack | E55: Kitchen | F55: 17.78 | G55: 6.85 | H55: 0.08 | I55: 45.46 | J55: 41.38 | K55: 41.98 | L55: =FALSE() -> FALSE | M55: 10 | N55: 16022 | O55: 216 | P55: 1357 | Q55: 414 | R55: =IF(Q55=0,999,O55/(Q55/7)) -> 3.6521739 | S55: Standard | T55: 28301 | U55: 331 | V55: 413.75 | W55: 72 | X55: 3273.12 | Y55: 1.25 | Z55: =IF(T55=0,0,U55/T55) -> 0.0116957 | AA55: =IF(X55=0,0,V55/X55) -> 0.12640844 | AB55: =IF(V55=0,0,X55/V55) -> 7.910864
A56: SKU-1054 | B56: B0107398 | C56: UrbanCraft | D56: UrbanCraft Food Storage Set | E56: Kitchen | F56: 7.15 | G56: 5.54 | H56: 0.08 | I56: 29.48 | J56: 29.48 | K56: 28.33 | L56: =TRUE() -> TRUE | M56: 12 | N56: 61229 | O56: 856 | P56: 266 | Q56: 343 | R56: =IF(Q56=0,999,O56/(Q56/7)) -> 17.469388 | S56: Standard | T56: 71307 | U56: 499 | V56: 304.39 | W56: 31 | X56: 913.88 | Y56: 0.61 | Z56: =IF(T56=0,0,U56/T56) -> 0.0069979104 | AA56: =IF(X56=0,0,V56/X56) -> 0.33307436 | AB56: =IF(V56=0,0,X56/V56) -> 3.0023325
A57: SKU-1055 | B57: B0107535 | C57: UrbanCraft | D57: UrbanCraft Knife Set | E57: Kitchen | F57: 5.84 | G57: 6.55 | H57: 0.12 | I57: 20.53 | J57: 20.53 | K57: 20.53 | L57: =TRUE() -> TRUE | M57: 0 | N57: 13886 | O57: 751 | P57: 1051 | Q57: 136 | R57: =IF(Q57=0,999,O57/(Q57/7)) -> 38.654412 | S57: Standard | T57: 78312 | U57: 415 | V57: 460.65 | W57: 52 | X57: 1067.56 | Y57: 1.11 | Z57: =IF(T57=0,0,U57/T57) -> 0.0052993156 | AA57: =IF(X57=0,0,V57/X57) -> 0.431498 | AB57: =IF(V57=0,0,X57/V57) -> 2.3175079
A58: SKU-1056 | B58: B0107672 | C58: UrbanCraft | D58: UrbanCraft LED Strip Lights | E58: Lighting | F58: 26.15 | G58: 5.97 | H58: 0.12 | I58: 68.17 | J58: 68.17 | K58: 66.72 | L58: =TRUE() -> TRUE | M58: 7 | N58: 125712 | O58: 272 | P58: 659 | Q58: 418 | R58: =IF(Q58=0,999,O58/(Q58/7)) -> 4.5550239 | S58: Standard | T58: 80230 | U58: 465 | V58: 251.1 | W58: 11 | X58: 749.87 | Y58: 0.54 | Z58: =IF(T58=0,0,U58/T58) -> 0.005795837 | AA58: =IF(X58=0,0,V58/X58) -> 0.33485804 | AB58: =IF(V58=0,0,X58/V58) -> 2.9863401
A59: SKU-1057 | B59: B0107809 | C59: UrbanCraft | D59: UrbanCraft Reading Light Clip | E59: Lighting | F59: 15 | G59: 7.48 | H59: 0.12 | I59: 53.86 | J59: 53.86 | K59: 51.23 | L59: =TRUE() -> TRUE | M59: 7 | N59: 30142 | O59: 2552 | P59: 928 | Q59: 571 | R59: =IF(Q59=0,999,O59/(Q59/7)) -> 31.285464 | S59: Standard | T59: 52762 | U59: 475 | V59: 232.75 | W59: 17 | X59: 915.62 | Y59: 0.49 | Z59: =IF(T59=0,0,U59/T59) -> 0.0090026913 | AA59: =IF(X59=0,0,V59/X59) -> 0.25419934 | AB59: =IF(V59=0,0,X59/V59) -> 3.9339205
A60: SKU-1058 | B60: B0107946 | C60: UrbanCraft | D60: UrbanCraft String Lights | E60: Lighting | F60: 9.88 | G60: 7.15 | H60: 0.08 | I60: 39.93 | J60: 39.93 | K60: 40.58 | L60: =TRUE() -> TRUE | M60: 1 | N60: 25463 | O60: 1921 | P60: 1372 | Q60: 388 | R60: =IF(Q60=0,999,O60/(Q60/7)) -> 34.657216 | S60: Standard | T60: 16521 | U60: 147 | V60: 244.02 | W60: 14 | X60: 559.02 | Y60: 1.66 | Z60: =IF(T60=0,0,U60/T60) -> 0.0088977665 | AA60: =IF(X60=0,0,V60/X60) -> 0.4365139 | AB60: =IF(V60=0,0,X60/V60) -> 2.2908778
A61: SKU-1059 | B61: B0108083 | C61: UrbanCraft | D61: UrbanCraft Table Lamp | E61: Lighting | F61: 27.79 | G61: 7.36 | H61: 0.12 | I61: 79.44 | J61: 79.44 | K61: 69.17 | L61: =TRUE() -> TRUE | M61: 5 | N61: 40711 | O61: 2938 | P61: 1175 | Q61: 500 | R61: =IF(Q61=0,999,O61/(Q61/7)) -> 41.132 | S61: Standard | T61: 30143 | U61: 413 | V61: 669.06 | W61: 19 | X61: 1509.36 | Y61: 1.62 | Z61: =IF(T61=0,0,U61/T61) -> 0.013701357 | AA61: =IF(X61=0,0,V61/X61) -> 0.44327397 | AB61: =IF(V61=0,0,X61/V61) -> 2.2559412
A62: SKU-1060 | B62: B0108220 | C62: VitalPeak | D62: VitalPeak Portable Stove | E62: Outdoor | F62: 19.83 | G62: 3.12 | H62: 0.12 | I62: 59.08 | J62: 59.08 | K62: 59.08 | L62: =TRUE() -> TRUE | M62: 0 | N62: 81148 | O62: 208 | P62: 290 | Q62: 354 | R62: =IF(Q62=0,999,O62/(Q62/7)) -> 4.1129944 | S62: Standard | T62: 97620 | U62: 1132 | V62: 452.8 | W62: 21 | X62: 1240.68 | Y62: 0.4 | Z62: =IF(T62=0,0,U62/T62) -> 0.011595984 | AA62: =IF(X62=0,0,V62/X62) -> 0.36496115 | AB62: =IF(V62=0,0,X62/V62) -> 2.7400177
A63: SKU-1061 | B63: B0108357 | C63: VitalPeak | D63: VitalPeak Folding Chair | E63: Outdoor | F63: 12.09 | G63: 7.76 | H63: 0.12 | I63: 40.09 | J63: 36.09 | K63: 36.68 | L63: =FALSE() -> FALSE | M63: 11 | N63: 13941 | O63: 1261 | P63: 994 | Q63: 166 | R63: =IF(Q63=0,999,O63/(Q63/7)) -> 53.174699 | S63: Oversize | T63: 80070 | U63: 745 | V63: 566.2 | W63: 38 | X63: 1523.42 | Y63: 0.76 | Z63: =IF(T63=0,0,U63/T63) -> 0.0093043587 | AA63: =IF(X63=0,0,V63/X63) -> 0.37166376 | AB63: =IF(V63=0,0,X63/V63) -> 2.690604
A64: SKU-1062 | B64: B0108494 | C64: VitalPeak | D64: VitalPeak Hiking Backpack | E64: Outdoor | F64: 9.02 | G64: 11.93 | H64: 0.15 | I64: 37.6 | J64: 37.6 | K64: 36.98 | L64: =TRUE() -> TRUE | M64: 8 | N64: 103765 | O64: 228 | P64: 592 | Q64: 63 | R64: =IF(Q64=0,999,O64/(Q64/7)) -> 25.333333 | S64: Oversize | T64: 43507 | U64: 235 | V64: 258.5 | W64: 26 | X64: 977.6 | Y64: 1.1 | Z64: =IF(T64=0,0,U64/T64) -> 0.0054014297 | AA64: =IF(X64=0,0,V64/X64) -> 0.26442308 | AB64: =IF(V64=0,0,X64/V64) -> 3.7818182
A65: SKU-1063 | B65: B0108631 | C65: VitalPeak | D65: VitalPeak Insulated Water Bottle | E65: Outdoor | F65: 14.01 | G65: 5.25 | H65: 0.12 | I65: 40.41 | J65: 36.71 | K65: 37.56 | L65: =FALSE() -> FALSE | M65: 1 | N65: 120671 | O65: 814 | P65: 592 | Q65: 86 | R65: =IF(Q65=0,999,O65/(Q65/7)) -> 66.255814 | S65: Standard | T65: 15596 | U65: 139 | V65: 250.2 | W65: 35 | X65: 1414.35 | Y65: 1.8 | Z65: =IF(T65=0,0,U65/T65) -> 0.0089125417 | AA65: =IF(X65=0,0,V65/X65) -> 0.17690105 | AB65: =IF(V65=0,0,X65/V65) -> 5.6528777
A66: SKU-1064 | B66: B0108768 | C66: VitalPeak | D66: VitalPeak Portable Stove | E66: Outdoor | F66: 16.11 | G66: 4.63 | H66: 0.15 | I66: 46.8 | J66: 46.8 | K66: 42.06 | L66: =TRUE() -> TRUE | M66: 1 | N66: 137503 | O66: 146 | P66: 156 | Q66: 87 | R66: =IF(Q66=0,999,O66/(Q66/7)) -> 11.747126 | S66: Standard | T66: 67410 | U66: 782 | V66: 899.3 | W66: 104 | X66: 4867.2 | Y66: 1.15 | Z66: =IF(T66=0,0,U66/T66) -> 0.011600653 | AA66: =IF(X66=0,0,V66/X66) -> 0.18476742 | AB66: =IF(V66=0,0,X66/V66) -> 5.4122095
A67: SKU-1065 | B67: B0108905 | C67: VitalPeak | D67: VitalPeak Headlamp | E67: Outdoor | F67: 14.95 | G67: 5.9 | H67: 0.1 | I67: 38.08 | J67: 38.08 | K67: 33.15 | L67: =TRUE() -> TRUE | M67: 3 | N67: 45631 | O67: 1588 | P67: 950 | Q67: 163 | R67: =IF(Q67=0,999,O67/(Q67/7)) -> 68.196319 | S67: Standard | T67: 99386 | U67: 1073 | V67: 1309.06 | W67: 100 | X67: 3808 | Y67: 1.22 | Z67: =IF(T67=0,0,U67/T67) -> 0.010796289 | AA67: =IF(X67=0,0,V67/X67) -> 0.34376576 | AB67: =IF(V67=0,0,X67/V67) -> 2.9089576
A68: SKU-1066 | B68: B0109042 | C68: VitalPeak | D68: VitalPeak Massage Gun | E68: Fitness | F68: 24.42 | G68: 4.45 | H68: 0.12 | I68: 61.43 | J68: 61.43 | K68: 57.62 | L68: =TRUE() -> TRUE | M68: 2 | N68: 165663 | O68: 2139 | P68: 925 | Q68: 317 | R68: =IF(Q68=0,999,O68/(Q68/7)) -> 47.233438 | S68: Standard | T68: 5429 | U68: 26 | V68: 41.6 | W68: 5 | X68: 307.15 | Y68: 1.6 | Z68: =IF(T68=0,0,U68/T68) -> 0.0047890956 | AA68: =IF(X68=0,0,V68/X68) -> 0.13543871 | AB68: =IF(V68=0,0,X68/V68) -> 7.3834135
A69: SKU-1067 | B69: B0109179 | C69: VitalPeak | D69: VitalPeak Resistance Bands Set | E69: Fitness | F69: 18.42 | G69: 5.08 | H69: 0.08 | I69: 59.19 | J69: 59.19 | K69: 61.07 | L69: =TRUE() -> TRUE | M69: 7 | N69: 49495 | O69: 2109 | P69: 1462 | Q69: 336 | R69: =IF(Q69=0,999,O69/(Q69/7)) -> 43.9375 | S69: Standard | T69: 11553 | U69: 117 | V69: 71.37 | W69: 6 | X69: 355.14 | Y69: 0.61 | Z69: =IF(T69=0,0,U69/T69) -> 0.01012724 | AA69: =IF(X69=0,0,V69/X69) -> 0.200963 | AB69: =IF(V69=0,0,X69/V69) -> 4.9760404
A70: SKU-1068 | B70: B0109316 | C70: VitalPeak | D70: VitalPeak Pull-Up Bar | E70: Fitness | F70: 28.06 | G70: 5.74 | H70: 0.12 | I70: 89.27 | J70: 89.27 | K70: 92.27 | L70: =TRUE() -> TRUE | M70: 5 | N70: 88850 | O70: 410 | P70: 581 | Q70: 60 | R70: =IF(Q70=0,999,O70/(Q70/7)) -> 47.833333 | S70: Standard | T70: 33529 | U70: 426 | V70: 566.58 | W70: 15 | X70: 1339.05 | Y70: 1.33 | Z70: =IF(T70=0,0,U70/T70) -> 0.012705419 | AA70: =IF(X70=0,0,V70/X70) -> 0.42312087 | AB70: =IF(V70=0,0,X70/V70) -> 2.3633909
A71: SKU-1069 | B71: B0109453 | C71: VitalPeak | D71: VitalPeak Adjustable Dumbbells | E71: Fitness | F71: 11.91 | G71: 7.63 | H71: 0.12 | I71: 36.66 | J71: 35.77 | K71: 38.26 | L71: =FALSE() -> FALSE | M71: 4 | N71: 156136 | O71: 51 | P71: 1323 | Q71: 93 | R71: =IF(Q71=0,999,O71/(Q71/7)) -> 3.8387097 | S71: Oversize | T71: 88378 | U71: 804 | V71: 715.56 | W71: 81 | X71: 2969.46 | Y71: 0.89 | Z71: =IF(T71=0,0,U71/T71) -> 0.0090972867 | AA71: =IF(X71=0,0,V71/X71) -> 0.24097311 | AB71: =IF(V71=0,0,X71/V71) -> 4.1498407
A72: SKU-1070 | B72: B0109590 | C72: Cozynest | D72: Cozynest Adjustable Dumbbells | E72: Fitness | F72: 24.23 | G72: 12.63 | H72: 0.1 | I72: 86.08 | J72: 86.08 | K72: 90.38 | L72: =TRUE() -> TRUE | M72: 3 | N72: 77690 | O72: 604 | P72: 1265 | Q72: 110 | R72: =IF(Q72=0,999,O72/(Q72/7)) -> 38.436364 | S72: Oversize | T72: 17676 | U72: 198 | V72: 114.84 | W72: 7 | X72: 602.56 | Y72: 0.58 | Z72: =IF(T72=0,0,U72/T72) -> 0.011201629 | AA72: =IF(X72=0,0,V72/X72) -> 0.19058683 | AB72: =IF(V72=0,0,X72/V72) -> 5.2469523
A73: SKU-1071 | B73: B0109727 | C73: Cozynest | D73: Cozynest Massage Gun | E73: Fitness | F73: 18.66 | G73: 4.97 | H73: 0.15 | I73: 74.71 | J73: 74.71 | K73: 73.61 | L73: =TRUE() -> TRUE | M73: 5 | N73: 116594 | O73: 2221 | P73: 397 | Q73: 298 | R73: =IF(Q73=0,999,O73/(Q73/7)) -> 52.171141 | S73: Standard | T73: 48713 | U73: 589 | V73: 712.69 | W73: 36 | X73: 2689.56 | Y73: 1.21 | Z73: =IF(T73=0,0,U73/T73) -> 0.012091228 | AA73: =IF(X73=0,0,V73/X73) -> 0.26498386 | AB73: =IF(V73=0,0,X73/V73) -> 3.7738147
A74: SKU-1072 | B74: B0109864 | C74: Cozynest | D74: Cozynest Jump Rope | E74: Fitness | F74: 22.43 | G74: 4.88 | H74: 0.1 | I74: 72.24 | J74: 72.24 | K74: 72.98 | L74: =TRUE() -> TRUE | M74: 3 | N74: 65686 | O74: 50 | P74: 583 | Q74: 60 | R74: =IF(Q74=0,999,O74/(Q74/7)) -> 5.8333333 | S74: Standard | T74: 11493 | U74: 152 | V74: 115.52 | W74: 4 | X74: 288.96 | Y74: 0.76 | Z74: =IF(T74=0,0,U74/T74) -> 0.013225442 | AA74: =IF(X74=0,0,V74/X74) -> 0.39977852 | AB74: =IF(V74=0,0,X74/V74) -> 2.501385
A75: SKU-1073 | B75: B0110001 | C75: Cozynest | D75: Cozynest Adjustable Dumbbells | E75: Fitness | F75: 18.09 | G75: 13.78 | H75: 0.15 | I75: 76.47 | J75: 76.47 | K75: 79.23 | L75: =TRUE() -> TRUE | M75: 5 | N75: 104078 | O75: 1640 | P75: 202 | Q75: 521 | R75: =IF(Q75=0,999,O75/(Q75/7)) -> 22.034549 | S75: Oversize | T75: 110492 | U75: 1392 | V75: 1183.2 | W75: 92 | X75: 7035.24 | Y75: 0.85 | Z75: =IF(T75=0,0,U75/T75) -> 0.012598197 | AA75: =IF(X75=0,0,V75/X75) -> 0.1681819 | AB75: =IF(V75=0,0,X75/V75) -> 5.9459432
A76: SKU-1074 | B76: B0110138 | C76: Cozynest | D76: Cozynest Yoga Mat | E76: Fitness | F76: 12.17 | G76: 6.13 | H76: 0.1 | I76: 32.94 | J76: 32.94 | K76: 32.65 | L76: =TRUE() -> TRUE | M76: 12 | N76: 1526 | O76: 920 | P76: 227 | Q76: 88 | R76: =IF(Q76=0,999,O76/(Q76/7)) -> 73.181818 | S76: Standard | T76: 102234 | U76: 767 | V76: 613.6 | W76: 137 | X76: 4512.78 | Y76: 0.8 | Z76: =IF(T76=0,0,U76/T76) -> 0.0075023965 | AA76: =IF(X76=0,0,V76/X76) -> 0.1359694 | AB76: =IF(V76=0,0,X76/V76) -> 7.3545958
A77: SKU-1075 | B77: B0110275 | C77: Cozynest | D77: Cozynest Exercise Ball | E77: Fitness | F77: 20.29 | G77: 7 | H77: 0.15 | I77: 61.11 | J77: 57.51 | K77: 58.5 | L77: =FALSE() -> FALSE | M77: 9 | N77: 37787 | O77: 199 | P77: 1072 | Q77: 305 | R77: =IF(Q77=0,999,O77/(Q77/7)) -> 4.5672131 | S77: Oversize | T77: 47765 | U77: 229 | V77: 261.06 | W77: 15 | X77: 916.65 | Y77: 1.14 | Z77: =IF(T77=0,0,U77/T77) -> 0.0047943055 | AA77: =IF(X77=0,0,V77/X77) -> 0.28479791 | AB77: =IF(V77=0,0,X77/V77) -> 3.5112618
A78: SKU-1076 | B78: B0110412 | C78: Cozynest | D78: Cozynest Travel Duffel Bag | E78: Travel | F78: 15.77 | G78: 10.26 | H78: 0.15 | I78: 54.32 | J78: 54.32 | K78: 48.93 | L78: =TRUE() -> TRUE | M78: 5 | N78: 17860 | O78: 1162 | P78: 273 | Q78: 360 | R78: =IF(Q78=0,999,O78/(Q78/7)) -> 22.594444 | S78: Oversize | T78: 6311 | U78: 52 | V78: 44.72 | W78: 2 | X78: 108.64 | Y78: 0.86 | Z78: =IF(T78=0,0,U78/T78) -> 0.0082395817 | AA78: =IF(X78=0,0,V78/X78) -> 0.41163476 | AB78: =IF(V78=0,0,X78/V78) -> 2.4293381
A79: SKU-1077 | B79: B0110549 | C79: Cozynest | D79: Cozynest Garment Bag | E79: Travel | F79: 27.08 | G79: 3.82 | H79: 0.1 | I79: 88.46 | J79: 84.48 | K79: 87.86 | L79: =FALSE() -> FALSE | M79: 1 | N79: 52995 | O79: 396 | P79: 1112 | Q79: 51 | R79: =IF(Q79=0,999,O79/(Q79/7)) -> 54.352941 | S79: Standard | T79: 62549 | U79: 438 | V79: 648.24 | W79: 40 | X79: 3538.4 | Y79: 1.48 | Z79: =IF(T79=0,0,U79/T79) -> 0.00700251 | AA79: =IF(X79=0,0,V79/X79) -> 0.18320145 | AB79: =IF(V79=0,0,X79/V79) -> 5.4584722
A80: SKU-1078 | B80: B0110686 | C80: Cozynest | D80: Cozynest Travel Adapter | E80: Travel | F80: 18.05 | G80: 5.95 | H80: 0.12 | I80: 78.96 | J80: 78.96 | K80: 79.74 | L80: =TRUE() -> TRUE | M80: 1 | N80: 105013 | O80: 3910 | P80: 752 | Q80: 457 | R80: =IF(Q80=0,999,O80/(Q80/7)) -> 59.890591 | S80: Standard | T80: 105002 | U80: 1071 | V80: 1660.05 | W80: 58 | X80: 4579.68 | Y80: 1.55 | Z80: =IF(T80=0,0,U80/T80) -> 0.010199806 | AA80: =IF(X80=0,0,V80/X80) -> 0.36248166 | AB80: =IF(V80=0,0,X80/V80) -> 2.7587603
A81: SKU-1079 | B81: B0110823 | C81: Cozynest | D81: Cozynest Luggage Tag Set | E81: Travel | F81: 17.74 | G81: 3.81 | H81: 0.12 | I81: 44.44 | J81: 44.44 | K81: 38.69 | L81: =TRUE() -> TRUE | M81: 5 | N81: 77650 | O81: 2666 | P81: 86 | Q81: 320 | R81: =IF(Q81=0,999,O81/(Q81/7)) -> 58.31875 | S81: Standard | T81: 95765 | U81: 1379 | V81: 1213.52 | W81: 61 | X81: 2710.84 | Y81: 0.88 | Z81: =IF(T81=0,0,U81/T81) -> 0.014399833 | AA81: =IF(X81=0,0,V81/X81) -> 0.4476546 | AB81: =IF(V81=0,0,X81/V81) -> 2.2338651
A82: SKU-1080 | B82: B0110960 | C82: Solstice Gear | D82: Solstice Gear String Lights | E82: Lighting | F82: 22.16 | G82: 3.26 | H82: 0.15 | I82: 61.15 | J82: 56.29 | K82: 58.25 | L82: =FALSE() -> FALSE | M82: 5 | N82: 8313 | O82: 353 | P82: 1321 | Q82: 153 | R82: =IF(Q82=0,999,O82/(Q82/7)) -> 16.150327 | S82: Standard | T82: 48515 | U82: 403 | V82: 713.31 | W82: 89 | X82: 5442.35 | Y82: 1.77 | Z82: =IF(T82=0,0,U82/T82) -> 0.0083067093 | AA82: =IF(X82=0,0,V82/X82) -> 0.13106654 | AB82: =IF(V82=0,0,X82/V82) -> 7.6297122
A83: SKU-1081 | B83: B0111097 | C83: Solstice Gear | D83: Solstice Gear Floor Lamp | E83: Lighting | F83: 25.13 | G83: 4.67 | H83: 0.08 | I83: 64.31 | J83: 64.31 | K83: 56.43 | L83: =TRUE() -> TRUE | M83: 9 | N83: 82564 | O83: 2502 | P83: 1150 | Q83: 292 | R83: =IF(Q83=0,999,O83/(Q83/7)) -> 59.979452 | S83: Standard | T83: 15935 | U83: 113 | V83: 83.62 | W83: 5 | X83: 321.55 | Y83: 0.74 | Z83: =IF(T83=0,0,U83/T83) -> 0.0070913084 | AA83: =IF(X83=0,0,V83/X83) -> 0.26005287 | AB83: =IF(V83=0,0,X83/V83) -> 3.8453719
A84: SKU-1082 | B84: B0111234 | C84: Solstice Gear | D84: Solstice Gear Reading Light Clip | E84: Lighting | F84: 12.64 | G84: 5.21 | H84: 0.08 | I84: 32.84 | J84: 32.84 | K84: 33.52 | L84: =TRUE() -> TRUE | M84: 2 | N84: 116833 | O84: 94 | P84: 1126 | Q84: 96 | R84: =IF(Q84=0,999,O84/(Q84/7)) -> 6.8541667 | S84: Standard | T84: 71563 | U84: 537 | V84: 429.6 | W84: 76 | X84: 2495.84 | Y84: 0.8 | Z84: =IF(T84=0,0,U84/T84) -> 0.0075038777 | AA84: =IF(X84=0,0,V84/X84) -> 0.17212642 | AB84: =IF(V84=0,0,X84/V84) -> 5.8096834
A85: SKU-1083 | B85: B0111371 | C85: Solstice Gear | D85: Solstice Gear Floor Lamp | E85: Lighting | F85: 22.9 | G85: 3.55 | H85: 0.1 | I85: 73.49 | J85: 62 | K85: 64.51 | L85: =FALSE() -> FALSE | M85: 12 | N85: 145383 | O85: 357 | P85: 134 | Q85: 593 | R85: =IF(Q85=0,999,O85/(Q85/7)) -> 4.2141653 | S85: Standard | T85: 41039 | U85: 361 | V85: 516.23 | W85: 25 | X85: 1837.25 | Y85: 1.43 | Z85: =IF(T85=0,0,U85/T85) -> 0.0087965106 | AA85: =IF(X85=0,0,V85/X85) -> 0.28097973 | AB85: =IF(V85=0,0,X85/V85) -> 3.5589757
A86: SKU-1084 | B86: B0111508 | C86: Solstice Gear | D86: Solstice Gear Table Lamp | E86: Lighting | F86: 26.33 | G86: 3.33 | H86: 0.12 | I86: 71.52 | J86: 71.52 | K86: 61.85 | L86: =TRUE() -> TRUE | M86: 10 | N86: 135772 | O86: 921 | P86: 886 | Q86: 359 | R86: =IF(Q86=0,999,O86/(Q86/7)) -> 17.958217 | S86: Standard | T86: 66411 | U86: 990 | V86: 425.7 | W86: 37 | X86: 2646.24 | Y86: 0.43 | Z86: =IF(T86=0,0,U86/T86) -> 0.014907169 | AA86: =IF(X86=0,0,V86/X86) -> 0.16086976 | AB86: =IF(V86=0,0,X86/V86) -> 6.2162086
A87: SKU-1085 | B87: B0111645 | C87: Solstice Gear | D87: Solstice Gear Floor Lamp | E87: Lighting | F87: 8.55 | G87: 7.21 | H87: 0.1 | I87: 34.32 | J87: 34.32 | K87: 35.68 | L87: =TRUE() -> TRUE | M87: 5 | N87: 74611 | O87: 420 | P87: 1258 | Q87: 87 | R87: =IF(Q87=0,999,O87/(Q87/7)) -> 33.793103 | S87: Standard | T87: 70424 | U87: 359 | V87: 470.29 | W87: 43 | X87: 1475.76 | Y87: 1.31 | Z87: =IF(T87=0,0,U87/T87) -> 0.005097694 | AA87: =IF(X87=0,0,V87/X87) -> 0.31867648 | AB87: =IF(V87=0,0,X87/V87) -> 3.1379787
A88: SKU-1086 | B88: B0111782 | C88: Solstice Gear | D88: Solstice Gear Salad Spinner | E88: Kitchen | F88: 7.56 | G88: 6.24 | H88: 0.12 | I88: 22.33 | J88: 18.46 | K88: 19.16 | L88: =FALSE() -> FALSE | M88: 9 | N88: 168303 | O88: 306 | P88: 1019 | Q88: 597 | R88: =IF(Q88=0,999,O88/(Q88/7)) -> 3.5879397 | S88: Standard | T88: 117022 | U88: 1346 | V88: 1049.88 | W88: 108 | X88: 2411.64 | Y88: 0.78 | Z88: =IF(T88=0,0,U88/T88) -> 0.011502111 | AA88: =IF(X88=0,0,V88/X88) -> 0.43533861 | AB88: =IF(V88=0,0,X88/V88) -> 2.2970625
A89: SKU-1087 | B89: B0111919 | C89: Solstice Gear | D89: Solstice Gear Utensil Organizer | E89: Kitchen | F89: 10.81 | G89: 4.83 | H89: 0.15 | I89: 29.58 | J89: 29.58 | K89: 29.22 | L89: =TRUE() -> TRUE | M89: 1 | N89: 109102 | O89: 1692 | P89: 707 | Q89: 502 | R89: =IF(Q89=0,999,O89/(Q89/7)) -> 23.593625 | S89: Standard | T89: 52760 | U89: 295 | V89: 268.45 | W89: 30 | X89: 887.4 | Y89: 0.91 | Z89: =IF(T89=0,0,U89/T89) -> 0.0055913571 | AA89: =IF(X89=0,0,V89/X89) -> 0.30251296 | AB89: =IF(V89=0,0,X89/V89) -> 3.3056435
A90: SKU-1088 | B90: B0112056 | C90: Solstice Gear | D90: Solstice Gear Food Storage Set | E90: Kitchen | F90: 7.1 | G90: 5.02 | H90: 0.1 | I90: 29.33 | J90: 25.09 | K90: 25.23 | L90: =FALSE() -> FALSE | M90: 1 | N90: 109761 | O90: 1504 | P90: 388 | Q90: 261 | R90: =IF(Q90=0,999,O90/(Q90/7)) -> 40.337165 | S90: Standard | T90: 100523 | U90: 593 | V90: 1091.12 | W90: 136 | X90: 3988.88 | Y90: 1.84 | Z90: =IF(T90=0,0,U90/T90) -> 0.0058991475 | AA90: =IF(X90=0,0,V90/X90) -> 0.27354044 | AB90: =IF(V90=0,0,X90/V90) -> 3.6557666
A91: SKU-1089 | B91: B0112193 | C91: Solstice Gear | D91: Solstice Gear Coffee Grinder | E91: Kitchen | F91: 11.76 | G91: 4.77 | H91: 0.15 | I91: 49.78 | J91: 49.78 | K91: 44.45 | L91: =TRUE() -> TRUE | M91: 3 | N91: 13398 | O91: 209 | P91: 220 | Q91: 295 | R91: =IF(Q91=0,999,O91/(Q91/7)) -> 4.959322 | S91: Standard | T91: 56982 | U91: 319 | V91: 239.25 | W91: 20 | X91: 995.6 | Y91: 0.75 | Z91: =IF(T91=0,0,U91/T91) -> 0.0055982591 | AA91: =IF(X91=0,0,V91/X91) -> 0.24030735 | AB91: =IF(V91=0,0,X91/V91) -> 4.1613375
A92: SKU-1090 | B92: B0112330 | C92: EverGlow | D92: EverGlow Compression Bag Set | E92: Travel | F92: 11.47 | G92: 5.57 | H92: 0.1 | I92: 39.26 | J92: 39.26 | K92: 37.71 | L92: =TRUE() -> TRUE | M92: 5 | N92: 132337 | O92: 440 | P92: 263 | Q92: 468 | R92: =IF(Q92=0,999,O92/(Q92/7)) -> 6.5811966 | S92: Standard | T92: 13172 | U92: 115 | V92: 177.1 | W92: 19 | X92: 745.94 | Y92: 1.54 | Z92: =IF(T92=0,0,U92/T92) -> 0.0087306408 | AA92: =IF(X92=0,0,V92/X92) -> 0.23741856 | AB92: =IF(V92=0,0,X92/V92) -> 4.2119706
A93: SKU-1091 | B93: B0112467 | C93: EverGlow | D93: EverGlow Travel Adapter | E93: Travel | F93: 18.01 | G93: 5.29 | H93: 0.08 | I93: 70.39 | J93: 70.39 | K93: 70.39 | L93: =TRUE() -> TRUE | M93: 0 | N93: 87454 | O93: 2975 | P93: 332 | Q93: 492 | R93: =IF(Q93=0,999,O93/(Q93/7)) -> 42.327236 | S93: Standard | T93: 52005 | U93: 827 | V93: 1207.42 | W93: 78 | X93: 5490.42 | Y93: 1.46 | Z93: =IF(T93=0,0,U93/T93) -> 0.015902317 | AA93: =IF(X93=0,0,V93/X93) -> 0.21991396 | AB93: =IF(V93=0,0,X93/V93) -> 4.5472329
A94: SKU-1092 | B94: B0112604 | C94: EverGlow | D94: EverGlow Travel Adapter | E94: Travel | F94: 15.77 | G94: 5.2 | H94: 0.12 | I94: 50.58 | J94: 50.58 | K94: 51.25 | L94: =TRUE() -> TRUE | M94: 7 | N94: 176784 | O94: 134 | P94: 1222 | Q94: 119 | R94: =IF(Q94=0,999,O94/(Q94/7)) -> 7.8823529 | S94: Standard | T94: 62705 | U94: 451 | V94: 599.83 | W94: 27 | X94: 1365.66 | Y94: 1.33 | Z94: =IF(T94=0,0,U94/T94) -> 0.0071924089 | AA94: =IF(X94=0,0,V94/X94) -> 0.43922353 | AB94: =IF(V94=0,0,X94/V94) -> 2.2767451
A95: SKU-1093 | B95: B0112741 | C95: EverGlow | D95: EverGlow Luggage Scale | E95: Travel | F95: 19.66 | G95: 5.63 | H95: 0.1 | I95: 56.2 | J95: 56.2 | K95: 54.84 | L95: =TRUE() -> TRUE | M95: 8 | N95: 99814 | O95: 246 | P95: 38 | Q95: 158 | R95: =IF(Q95=0,999,O95/(Q95/7)) -> 10.898734 | S95: Standard | T95: 58307 | U95: 455 | V95: 263.9 | W95: 13 | X95: 730.6 | Y95: 0.58 | Z95: =IF(T95=0,0,U95/T95) -> 0.0078035227 | AA95: =IF(X95=0,0,V95/X95) -> 0.36120996 | AB95: =IF(V95=0,0,X95/V95) -> 2.7684729
A96: SKU-1094 | B96: B0112878 | C96: EverGlow | D96: EverGlow Compression Bag Set | E96: Travel | F96: 16.55 | G96: 5.12 | H96: 0.08 | I96: 50.14 | J96: 50.14 | K96: 44 | L96: =TRUE() -> TRUE | M96: 11 | N96: 85359 | O96: 1724 | P96: 1118 | Q96: 496 | R96: =IF(Q96=0,999,O96/(Q96/7)) -> 24.330645 | S96: Standard | T96: 46937 | U96: 568 | V96: 937.2 | W96: 54 | X96: 2707.56 | Y96: 1.65 | Z96: =IF(T96=0,0,U96/T96) -> 0.012101327 | AA96: =IF(X96=0,0,V96/X96) -> 0.34614191 | AB96: =IF(V96=0,0,X96/V96) -> 2.8889885
A97: SKU-1095 | B97: B0113015 | C97: EverGlow | D97: EverGlow Passport Holder | E97: Travel | F97: 14.97 | G97: 4.11 | H97: 0.12 | I97: 58.8 | J97: 58.26 | K97: 61.05 | L97: =FALSE() -> FALSE | M97: 3 | N97: 54486 | O97: 3139 | P97: 589 | Q97: 507 | R97: =IF(Q97=0,999,O97/(Q97/7)) -> 43.33925 | S97: Standard | T97: 16474 | U97: 180 | V97: 208.8 | W97: 9 | X97: 529.2 | Y97: 1.16 | Z97: =IF(T97=0,0,U97/T97) -> 0.010926308 | AA97: =IF(X97=0,0,V97/X97) -> 0.39455782 | AB97: =IF(V97=0,0,X97/V97) -> 2.5344828
A98: SKU-1096 | B98: B0113152 | C98: EverGlow | D98: EverGlow Exercise Ball | E98: Fitness | F98: 29.57 | G98: 12.94 | H98: 0.12 | I98: 75.46 | J98: 75.46 | K98: 75.46 | L98: =TRUE() -> TRUE | M98: 0 | N98: 20867 | O98: 1995 | P98: 1151 | Q98: 361 | R98: =IF(Q98=0,999,O98/(Q98/7)) -> 38.684211 | S98: Oversize | T98: 91748 | U98: 670 | V98: 341.7 | W98: 12 | X98: 905.52 | Y98: 0.51 | Z98: =IF(T98=0,0,U98/T98) -> 0.0073026115 | AA98: =IF(X98=0,0,V98/X98) -> 0.37735224 | AB98: =IF(V98=0,0,X98/V98) -> 2.6500439
A99: SKU-1097 | B99: B0113289 | C99: EverGlow | D99: EverGlow Foam Roller | E99: Fitness | F99: 10.01 | G99: 5.39 | H99: 0.1 | I99: 29.39 | J99: 29.39 | K99: 29.39 | L99: =TRUE() -> TRUE | M99: 0 | N99: 86734 | O99: 1207 | P99: 833 | Q99: 490 | R99: =IF(Q99=0,999,O99/(Q99/7)) -> 17.242857 | S99: Standard | T99: 86075 | U99: 1308 | V99: 2184.36 | W99: 268 | X99: 7876.52 | Y99: 1.67 | Z99: =IF(T99=0,0,U99/T99) -> 0.01519605 | AA99: =IF(X99=0,0,V99/X99) -> 0.27732552 | AB99: =IF(V99=0,0,X99/V99) -> 3.6058708
A100: SKU-1098 | B100: B0113426 | C100: EverGlow | D100: EverGlow Foam Roller | E100: Fitness | F100: 19.14 | G100: 4.28 | H100: 0.08 | I100: 70.46 | J100: 70.46 | K100: 61.15 | L100: =TRUE() -> TRUE | M100: 12 | N100: 140436 | O100: 48 | P100: 813 | Q100: 45 | R100: =IF(Q100=0,999,O100/(Q100/7)) -> 7.4666667 | S100: Standard | T100: 103779 | U100: 1027 | V100: 1797.25 | W100: 58 | X100: 4086.68 | Y100: 1.75 | Z100: =IF(T100=0,0,U100/T100) -> 0.0098960291 | AA100: =IF(X100=0,0,V100/X100) -> 0.43978242 | AB100: =IF(V100=0,0,X100/V100) -> 2.2738517
...

Sheet Brand Summary
A1: Brand | B1: Products | C1: Total Ad Spend ($) | D1: Total Ad Sales ($) | E1: Blended ACOS | F1: Avg Days of Supply | G1: Buy Box Win Rate | H1: Avg Current Price ($)
A2: Aerovo | B2: =COUNTIF('Master SKU Data'!C:C,A2) -> 10 | C2: =SUMIF('Master SKU Data'!C:C,A2,'Master SKU Data'!V:V) -> 9608.51 | D2: =SUMIF('Master SKU Data'!C:C,A2,'Master SKU Data'!X:X) -> 43575.63 | E2: =IF(D2=0,0,C2/D2) -> 0.22050192 | F2: =AVERAGEIF('Master SKU Data'!C:C,A2,'Master SKU Data'!R:R) -> 25.501535 | G2: =AVERAGEIF('Master SKU Data'!C:C,A2,'Master SKU Data'!L:L) -> 0.6 | H2: =AVERAGEIF('Master SKU Data'!C:C,A2,'Master SKU Data'!I:I) -> 47.613
A3: Nimbus Home | B3: =COUNTIF('Master SKU Data'!C:C,A3) -> 10 | C3: =SUMIF('Master SKU Data'!C:C,A3,'Master SKU Data'!V:V) -> 10373.18 | D3: =SUMIF('Master SKU Data'!C:C,A3,'Master SKU Data'!X:X) -> 50602.12 | E3: =IF(D3=0,0,C3/D3) -> 0.20499497 | F3: =AVERAGEIF('Master SKU Data'!C:C,A3,'Master SKU Data'!R:R) -> 27.198291 | G3: =AVERAGEIF('Master SKU Data'!C:C,A3,'Master SKU Data'!L:L) -> 0.6 | H3: =AVERAGEIF('Master SKU Data'!C:C,A3,'Master SKU Data'!I:I) -> 51.501
A4: TrailForge | B4: =COUNTIF('Master SKU Data'!C:C,A4) -> 10 | C4: =SUMIF('Master SKU Data'!C:C,A4,'Master SKU Data'!V:V) -> 10076.03 | D4: =SUMIF('Master SKU Data'!C:C,A4,'Master SKU Data'!X:X) -> 44114.55 | E4: =IF(D4=0,0,C4/D4) -> 0.22840605 | F4: =AVERAGEIF('Master SKU Data'!C:C,A4,'Master SKU Data'!R:R) -> 33.491586 | G4: =AVERAGEIF('Master SKU Data'!C:C,A4,'Master SKU Data'!L:L) -> 0.5 | H4: =AVERAGEIF('Master SKU Data'!C:C,A4,'Master SKU Data'!I:I) -> 44.934
A5: PureCove | B5: =COUNTIF('Master SKU Data'!C:C,A5) -> 10 | C5: =SUMIF('Master SKU Data'!C:C,A5,'Master SKU Data'!V:V) -> 3640.47 | D5: =SUMIF('Master SKU Data'!C:C,A5,'Master SKU Data'!X:X) -> 17754.8 | E5: =IF(D5=0,0,C5/D5) -> 0.20504145 | F5: =AVERAGEIF('Master SKU Data'!C:C,A5,'Master SKU Data'!R:R) -> 32.626824 | G5: =AVERAGEIF('Master SKU Data'!C:C,A5,'Master SKU Data'!L:L) -> 0.5 | H5: =AVERAGEIF('Master SKU Data'!C:C,A5,'Master SKU Data'!I:I) -> 45.31
A6: Brightway | B6: =COUNTIF('Master SKU Data'!C:C,A6) -> 10 | C6: =SUMIF('Master SKU Data'!C:C,A6,'Master SKU Data'!V:V) -> 5102.28 | D6: =SUMIF('Master SKU Data'!C:C,A6,'Master SKU Data'!X:X) -> 19599.33 | E6: =IF(D6=0,0,C6/D6) -> 0.26032931 | F6: =AVERAGEIF('Master SKU Data'!C:C,A6,'Master SKU Data'!R:R) -> 26.750233 | G6: =AVERAGEIF('Master SKU Data'!C:C,A6,'Master SKU Data'!L:L) -> 0.8 | H6: =AVERAGEIF('Master SKU Data'!C:C,A6,'Master SKU Data'!I:I) -> 62.85
A7: UrbanCraft | B7: =COUNTIF('Master SKU Data'!C:C,A7) -> 10 | C7: =SUMIF('Master SKU Data'!C:C,A7,'Master SKU Data'!V:V) -> 3685.38 | D7: =SUMIF('Master SKU Data'!C:C,A7,'Master SKU Data'!X:X) -> 12689.21 | E7: =IF(D7=0,0,C7/D7) -> 0.29043416 | F7: =AVERAGEIF('Master SKU Data'!C:C,A7,'Master SKU Data'!R:R) -> 26.542906 | G7: =AVERAGEIF('Master SKU Data'!C:C,A7,'Master SKU Data'!L:L) -> 0.8 | H7: =AVERAGEIF('Master SKU Data'!C:C,A7,'Master SKU Data'!I:I) -> 50.028
A8: VitalPeak | B8: =COUNTIF('Master SKU Data'!C:C,A8) -> 10 | C8: =SUMIF('Master SKU Data'!C:C,A8,'Master SKU Data'!V:V) -> 5131.17 | D8: =SUMIF('Master SKU Data'!C:C,A8,'Master SKU Data'!X:X) -> 18802.05 | E8: =IF(D8=0,0,C8/D8) -> 0.27290482 | F8: =AVERAGEIF('Master SKU Data'!C:C,A8,'Master SKU Data'!R:R) -> 37.166327 | G8: =AVERAGEIF('Master SKU Data'!C:C,A8,'Master SKU Data'!L:L) -> 0.7 | H8: =AVERAGEIF('Master SKU Data'!C:C,A8,'Master SKU Data'!I:I) -> 50.861
A9: Cozynest | B9: =COUNTIF('Master SKU Data'!C:C,A9) -> 10 | C9: =SUMIF('Master SKU Data'!C:C,A9,'Master SKU Data'!V:V) -> 6567.44 | D9: =SUMIF('Master SKU Data'!C:C,A9,'Master SKU Data'!X:X) -> 26983.31 | E9: =IF(D9=0,0,C9/D9) -> 0.24338897 | F9: =AVERAGEIF('Master SKU Data'!C:C,A9,'Master SKU Data'!R:R) -> 39.138114 | G9: =AVERAGEIF('Master SKU Data'!C:C,A9,'Master SKU Data'!L:L) -> 0.8 | H9: =AVERAGEIF('Master SKU Data'!C:C,A9,'Master SKU Data'!I:I) -> 66.973
A10: Solstice Gear | B10: =COUNTIF('Master SKU Data'!C:C,A10) -> 10 | C10: =SUMIF('Master SKU Data'!C:C,A10,'Master SKU Data'!V:V) -> 5287.45 | D10: =SUMIF('Master SKU Data'!C:C,A10,'Master SKU Data'!X:X) -> 22502.51 | E10: =IF(D10=0,0,C10/D10) -> 0.23497157 | F10: =AVERAGEIF('Master SKU Data'!C:C,A10,'Master SKU Data'!R:R) -> 21.142748 | G10: =AVERAGEIF('Master SKU Data'!C:C,A10,'Master SKU Data'!L:L) -> 0.6 | H10: =AVERAGEIF('Master SKU Data'!C:C,A10,'Master SKU Data'!I:I) -> 46.865
A11: EverGlow | B11: =COUNTIF('Master SKU Data'!C:C,A11) -> 10 | C11: =SUMIF('Master SKU Data'!C:C,A11,'Master SKU Data'!V:V) -> 8741.44 | D11: =SUMIF('Master SKU Data'!C:C,A11,'Master SKU Data'!X:X) -> 32691.49 | E11: =IF(D11=0,0,C11/D11) -> 0.26739191 | F11: =AVERAGEIF('Master SKU Data'!C:C,A11,'Master SKU Data'!R:R) -> 21.236426 | G11: =AVERAGEIF('Master SKU Data'!C:C,A11,'Master SKU Data'!L:L) -> 0.8 | H11: =AVERAGEIF('Master SKU Data'!C:C,A11,'Master SKU Data'!I:I) -> 58.081
A12: TOTAL / BLENDED | B12: =SUM(B2:B11) -> 100 | C12: =SUM(C2:C11) -> 68213.35 | D12: =SUM(D2:D11) -> 289315 | E12: =IF(D12=0,0,C12/D12) -> 0.23577537 | F12: =AVERAGE('Master SKU Data'!R2:R101) -> 29.079499 | G12: =AVERAGE('Master SKU Data'!L2:L101) -> 0.67 | H12: =AVERAGE('Master SKU Data'!I2:I101) -> 52.5016
